Soil erodibility (K),Curve number,Storm duration (h),Buffer length (m),Error,SDR,PDR 1
0.6333333333,76.6666666667,5.0000000000,1.0000000000,0,0.9960000000,1.0000000000
0.6333333333,76.6666666667,5.0000000000,16.0000000000,0,0.9910000000,1.0000000000
0.6333333333,76.6666666667,5.0000000000,31.0000000000,0,0.9840000000,1.0000000000
0.6333333333,76.6666666667,5.0000000000,46.0000000000,0,0.9770000000,1.0000000000
0.1000000000,76.6666666667,5.0000000000,1.0000000000,0,0.9980000000,1.0000000000
0.1000000000,76.6666666667,5.0000000000,16.0000000000,0,0.9650000000,1.0000000000
0.1000000000,76.6666666667,5.0000000000,31.0000000000,0,0.9370000000,1.0000000000
0.1000000000,76.6666666667,5.0000000000,46.0000000000,0,0.9110000000,1.0000000000
0.1000000000,90.0000000000,5.0000000000,1.0000000000,0,0.9990000000,1.0000000000
0.1000000000,90.0000000000,5.0000000000,16.0000000000,0,0.9820000000,1.0000000000
0.1000000000,90.0000000000,5.0000000000,31.0000000000,0,0.9670000000,1.0000000000
0.1000000000,90.0000000000,5.0000000000,46.0000000000,0,0.9540000000,1.0000000000
0.1000000000,90.0000000000,3.0000000000,1.0000000000,0,0.9990000000,1.0000000000
0.1000000000,90.0000000000,3.0000000000,16.0000000000,0,0.9850000000,1.0000000000
0.1000000000,90.0000000000,3.0000000000,31.0000000000,0,0.9720000000,1.0000000000
0.1000000000,90.0000000000,3.0000000000,46.0000000000,0,0.9610000000,1.0000000000
0.3666666667,70.0000000000,4.0000000000,1.0000000000,0,0.9990000000,1.0000000000
0.3666666667,70.0000000000,4.0000000000,16.0000000000,0,0.9800000000,1.0000000000
0.3666666667,70.0000000000,4.0000000000,31.0000000000,0,0.9640000000,1.0000000000
0.3666666667,70.0000000000,4.0000000000,46.0000000000,0,0.9490000000,1.0000000000
0.3666666667,83.3333333333,4.0000000000,1.0000000000,0,0.9970000000,1.0000000000
0.3666666667,83.3333333333,4.0000000000,16.0000000000,0,0.9910000000,1.0000000000
0.3666666667,83.3333333333,4.0000000000,31.0000000000,0,0.9840000000,1.0000000000
0.3666666667,83.3333333333,4.0000000000,46.0000000000,0,0.9770000000,1.0000000000
0.3666666667,83.3333333333,6.0000000000,1.0000000000,0,0.9900000000,1.0000000000
0.3666666667,83.3333333333,6.0000000000,16.0000000000,0,0.9900000000,1.0000000000
0.3666666667,83.3333333333,6.0000000000,31.0000000000,0,0.9820000000,1.0000000000
0.3666666667,83.3333333333,6.0000000000,46.0000000000,0,0.9750000000,1.0000000000
0.9000000000,83.3333333333,6.0000000000,1.0000000000,0,0.9770000000,1.0000000000
0.9000000000,83.3333333333,6.0000000000,16.0000000000,0,0.9860000000,1.0000000000
0.9000000000,83.3333333333,6.0000000000,31.0000000000,0,0.9520000000,0.0000000000
0.9000000000,83.3333333333,6.0000000000,46.0000000000,1,-1.0000000000,-1.0000000000
0.6333333333,76.6666666667,5.0000000000,1.0000000000,0,0.9960000000,1.0000000000
0.6333333333,76.6666666667,5.0000000000,16.0000000000,0,0.9910000000,1.0000000000
0.6333333333,76.6666666667,5.0000000000,31.0000000000,0,0.9840000000,1.0000000000
0.6333333333,76.6666666667,5.0000000000,46.0000000000,0,0.9770000000,1.0000000000
0.6333333333,76.6666666667,3.0000000000,1.0000000000,0,0.9900000000,1.0000000000
0.6333333333,76.6666666667,3.0000000000,16.0000000000,0,0.9930000000,1.0000000000
0.6333333333,76.6666666667,3.0000000000,31.0000000000,0,0.9860000000,1.0000000000
0.6333333333,76.6666666667,3.0000000000,46.0000000000,0,0.9790000000,1.0000000000
0.1000000000,76.6666666667,3.0000000000,1.0000000000,0,0.9990000000,1.0000000000
0.1000000000,76.6666666667,3.0000000000,16.0000000000,0,0.9700000000,1.0000000000
0.1000000000,76.6666666667,3.0000000000,31.0000000000,0,0.9450000000,1.0000000000
0.1000000000,76.6666666667,3.0000000000,46.0000000000,0,0.9220000000,1.0000000000
0.1000000000,90.0000000000,3.0000000000,1.0000000000,0,0.9990000000,1.0000000000
0.1000000000,90.0000000000,3.0000000000,16.0000000000,0,0.9850000000,1.0000000000
0.1000000000,90.0000000000,3.0000000000,31.0000000000,0,0.9720000000,1.0000000000
0.1000000000,90.0000000000,3.0000000000,46.0000000000,0,0.9610000000,1.0000000000
0.3666666667,83.3333333333,5.0000000000,1.0000000000,0,0.9950000000,1.0000000000
0.3666666667,83.3333333333,5.0000000000,16.0000000000,0,0.9910000000,1.0000000000
0.3666666667,83.3333333333,5.0000000000,31.0000000000,0,0.9830000000,1.0000000000
0.3666666667,83.3333333333,5.0000000000,46.0000000000,0,0.9760000000,1.0000000000
0.3666666667,83.3333333333,3.0000000000,1.0000000000,0,0.9990000000,1.0000000000
0.3666666667,83.3333333333,3.0000000000,16.0000000000,0,0.9920000000,1.0000000000
0.3666666667,83.3333333333,3.0000000000,31.0000000000,0,0.9850000000,1.0000000000
0.3666666667,83.3333333333,3.0000000000,46.0000000000,0,0.9780000000,1.0000000000
0.3666666667,70.0000000000,3.0000000000,1.0000000000,0,0.9990000000,1.0000000000
0.3666666667,70.0000000000,3.0000000000,16.0000000000,0,0.9820000000,1.0000000000
0.3666666667,70.0000000000,3.0000000000,31.0000000000,0,0.9660000000,1.0000000000
0.3666666667,70.0000000000,3.0000000000,46.0000000000,0,0.9520000000,1.0000000000
0.9000000000,70.0000000000,3.0000000000,1.0000000000,0,0.9990000000,1.0000000000
0.9000000000,70.0000000000,3.0000000000,16.0000000000,0,0.9910000000,1.0000000000
0.9000000000,70.0000000000,3.0000000000,31.0000000000,0,0.9820000000,1.0000000000
0.9000000000,70.0000000000,3.0000000000,46.0000000000,0,0.9750000000,1.0000000000
0.9000000000,76.6666666667,4.0000000000,1.0000000000,0,0.9940000000,1.0000000000
0.9000000000,76.6666666667,4.0000000000,16.0000000000,0,0.9830000000,1.0000000000
0.9000000000,76.6666666667,4.0000000000,31.0000000000,0,0.9820000000,1.0000000000
0.9000000000,76.6666666667,4.0000000000,46.0000000000,0,0.9830000000,1.0000000000
0.9000000000,90.0000000000,4.0000000000,1.0000000000,0,0.9960000000,1.0000000000
0.9000000000,90.0000000000,4.0000000000,16.0000000000,0,0.9430000000,0.0000000000
0.9000000000,90.0000000000,4.0000000000,31.0000000000,0,0.9470000000,0.0000000000
0.9000000000,90.0000000000,4.0000000000,46.0000000000,0,0.9560000000,0.0000000000
0.3666666667,90.0000000000,4.0000000000,1.0000000000,0,0.9720000000,1.0000000000
0.3666666667,90.0000000000,4.0000000000,16.0000000000,0,0.9800000000,1.0000000000
0.3666666667,90.0000000000,4.0000000000,31.0000000000,0,0.9610000000,1.0000000000
0.3666666667,90.0000000000,4.0000000000,46.0000000000,0,0.9670000000,1.0000000000
0.3666666667,90.0000000000,6.0000000000,1.0000000000,0,0.9770000000,1.0000000000
0.3666666667,90.0000000000,6.0000000000,16.0000000000,0,0.9790000000,1.0000000000
0.3666666667,90.0000000000,6.0000000000,31.0000000000,0,0.9870000000,1.0000000000
0.3666666667,90.0000000000,6.0000000000,46.0000000000,0,0.9820000000,1.0000000000
0.6333333333,70.0000000000,6.0000000000,1.0000000000,0,0.9990000000,1.0000000000
0.6333333333,70.0000000000,6.0000000000,16.0000000000,0,0.9850000000,1.0000000000
0.6333333333,70.0000000000,6.0000000000,31.0000000000,0,0.9730000000,1.0000000000
0.6333333333,70.0000000000,6.0000000000,46.0000000000,0,0.9620000000,1.0000000000
0.6333333333,70.0000000000,4.0000000000,1.0000000000,0,0.9990000000,1.0000000000
0.6333333333,70.0000000000,4.0000000000,16.0000000000,0,0.9860000000,1.0000000000
0.6333333333,70.0000000000,4.0000000000,31.0000000000,0,0.9760000000,1.0000000000
0.6333333333,70.0000000000,4.0000000000,46.0000000000,0,0.9650000000,1.0000000000
0.1000000000,70.0000000000,4.0000000000,1.0000000000,0,0.9980000000,1.0000000000
0.1000000000,70.0000000000,4.0000000000,16.0000000000,0,0.9500000000,1.0000000000
0.1000000000,70.0000000000,4.0000000000,31.0000000000,1,-1.0000000000,-1.0000000000
0.1000000000,70.0000000000,4.0000000000,46.0000000000,0,0.8720000000,1.0000000000
0.1000000000,83.3333333333,4.0000000000,1.0000000000,0,0.9990000000,1.0000000000
0.1000000000,83.3333333333,4.0000000000,16.0000000000,0,0.9770000000,1.0000000000
0.1000000000,83.3333333333,4.0000000000,31.0000000000,0,0.9590000000,1.0000000000
0.1000000000,83.3333333333,4.0000000000,46.0000000000,0,0.9420000000,1.0000000000
0.6333333333,90.0000000000,6.0000000000,1.0000000000,0,0.9860000000,1.0000000000
0.6333333333,90.0000000000,6.0000000000,16.0000000000,0,0.9620000000,1.0000000000
0.6333333333,90.0000000000,6.0000000000,31.0000000000,0,0.9300000000,0.0000000000
0.6333333333,90.0000000000,6.0000000000,46.0000000000,0,0.9370000000,0.0000000000
0.6333333333,76.6666666667,6.0000000000,1.0000000000,0,0.9980000000,1.0000000000
0.6333333333,76.6666666667,6.0000000000,16.0000000000,0,0.9900000000,1.0000000000
0.6333333333,76.6666666667,6.0000000000,31.0000000000,0,0.9830000000,1.0000000000
0.6333333333,76.6666666667,6.0000000000,46.0000000000,0,0.9760000000,1.0000000000
0.1000000000,76.6666666667,6.0000000000,1.0000000000,0,0.9980000000,1.0000000000
0.1000000000,76.6666666667,6.0000000000,16.0000000000,0,0.9630000000,1.0000000000
0.1000000000,76.6666666667,6.0000000000,31.0000000000,0,0.9340000000,1.0000000000
0.1000000000,76.6666666667,6.0000000000,46.0000000000,0,0.9070000000,1.0000000000
0.1000000000,76.6666666667,4.0000000000,1.0000000000,0,0.9980000000,1.0000000000
0.1000000000,76.6666666667,4.0000000000,16.0000000000,0,0.9670000000,1.0000000000
0.1000000000,76.6666666667,4.0000000000,31.0000000000,0,0.9400000000,1.0000000000
0.1000000000,76.6666666667,4.0000000000,46.0000000000,0,0.9160000000,1.0000000000
0.3666666667,83.3333333333,5.0000000000,1.0000000000,0,0.9950000000,1.0000000000
0.3666666667,83.3333333333,5.0000000000,16.0000000000,0,0.9910000000,1.0000000000
0.3666666667,83.3333333333,5.0000000000,31.0000000000,0,0.9830000000,1.0000000000
0.3666666667,83.3333333333,5.0000000000,46.0000000000,0,0.9760000000,1.0000000000
0.9000000000,83.3333333333,5.0000000000,1.0000000000,0,0.9850000000,1.0000000000
0.9000000000,83.3333333333,5.0000000000,16.0000000000,0,0.9590000000,1.0000000000
0.9000000000,83.3333333333,5.0000000000,31.0000000000,1,-1.0000000000,-1.0000000000
0.9000000000,83.3333333333,5.0000000000,46.0000000000,1,-1.0000000000,-1.0000000000
0.9000000000,83.3333333333,3.0000000000,1.0000000000,0,0.9980000000,1.0000000000
0.9000000000,83.3333333333,3.0000000000,16.0000000000,0,0.9750000000,1.0000000000
0.9000000000,83.3333333333,3.0000000000,31.0000000000,0,0.9530000000,0.0000000000
0.9000000000,83.3333333333,3.0000000000,46.0000000000,0,0.9530000000,0.0000000000
0.9000000000,70.0000000000,3.0000000000,1.0000000000,0,0.9990000000,1.0000000000
0.9000000000,70.0000000000,3.0000000000,16.0000000000,0,0.9910000000,1.0000000000
0.9000000000,70.0000000000,3.0000000000,31.0000000000,0,0.9820000000,1.0000000000
0.9000000000,70.0000000000,3.0000000000,46.0000000000,0,0.9750000000,1.0000000000
