Spacing for grass stems (cm),Buffer Length SDR 0.85
1.0287264334,18.3900000000
3.5040769093,23.9700000000
1.0287264334,18.3900000000
3.5040769093,23.9700000000
7.9872155460,27.8200000000
7.1493341690,27.2500000000
7.9872155460,27.8200000000
7.1493341690,27.2500000000
6.1447309460,26.7100000000
3.1134806825,23.4100000000
6.1447309460,26.7100000000
3.1134806825,23.4100000000
3.9609172028,24.6800000000
8.5165461004,28.0500000000
3.9609172028,24.6800000000
8.5165461004,28.0500000000
4.7947911834,25.6600000000
1.7329723956,20.3300000000
4.7947911834,25.6600000000
1.7329723956,20.3300000000
7.1038190266,27.2500000000
9.8958206382,28.4600000000
7.1038190266,27.2500000000
9.8958206382,28.4600000000
9.7702779509,28.4600000000
4.9373045508,25.7900000000
9.7702779509,28.4600000000
4.9373045508,25.7900000000
3.2183130197,23.5000000000
5.7173445681,26.3500000000
3.2183130197,23.5000000000
5.7173445681,26.3500000000
