Spacing for grass stems (cm),Buffer length (m),Error,SDR
1.0287264334,1.0000000000,0,0.9880000000
1.0287264334,16.0000000000,0,0.8650000000
1.0287264334,31.0000000000,0,0.7710000000
1.0287264334,46.0000000000,0,0.6920000000
3.5040769093,1.0000000000,0,0.9920000000
3.5040769093,16.0000000000,0,0.8920000000
3.5040769093,31.0000000000,0,0.8130000000
3.5040769093,46.0000000000,0,0.7440000000
1.0287264334,1.0000000000,0,0.9880000000
1.0287264334,16.0000000000,0,0.8650000000
1.0287264334,31.0000000000,0,0.7710000000
1.0287264334,46.0000000000,0,0.6920000000
3.5040769093,1.0000000000,0,0.9920000000
3.5040769093,16.0000000000,0,0.8920000000
3.5040769093,31.0000000000,0,0.8130000000
3.5040769093,46.0000000000,0,0.7440000000
7.9872155460,1.0000000000,0,0.9940000000
7.9872155460,16.0000000000,0,0.9020000000
7.9872155460,31.0000000000,0,0.8360000000
7.9872155460,46.0000000000,0,0.7800000000
7.1493341690,1.0000000000,0,0.9940000000
7.1493341690,16.0000000000,0,0.9010000000
7.1493341690,31.0000000000,0,0.8330000000
7.1493341690,46.0000000000,0,0.7760000000
7.9872155460,1.0000000000,0,0.9940000000
7.9872155460,16.0000000000,0,0.9020000000
7.9872155460,31.0000000000,0,0.8360000000
7.9872155460,46.0000000000,0,0.7800000000
7.1493341690,1.0000000000,0,0.9940000000
7.1493341690,16.0000000000,0,0.9010000000
7.1493341690,31.0000000000,0,0.8330000000
7.1493341690,46.0000000000,0,0.7760000000
6.1447309460,1.0000000000,0,0.9930000000
6.1447309460,16.0000000000,0,0.9000000000
6.1447309460,31.0000000000,0,0.8300000000
6.1447309460,46.0000000000,0,0.7710000000
3.1134806825,1.0000000000,0,0.9920000000
3.1134806825,16.0000000000,0,0.8900000000
3.1134806825,31.0000000000,0,0.8090000000
3.1134806825,46.0000000000,0,0.7370000000
6.1447309460,1.0000000000,0,0.9930000000
6.1447309460,16.0000000000,0,0.9000000000
6.1447309460,31.0000000000,0,0.8300000000
6.1447309460,46.0000000000,0,0.7710000000
3.1134806825,1.0000000000,0,0.9920000000
3.1134806825,16.0000000000,0,0.8900000000
3.1134806825,31.0000000000,0,0.8090000000
3.1134806825,46.0000000000,0,0.7370000000
3.9609172028,1.0000000000,0,0.9930000000
3.9609172028,16.0000000000,0,0.8940000000
3.9609172028,31.0000000000,0,0.8180000000
3.9609172028,46.0000000000,0,0.7500000000
8.5165461004,1.0000000000,0,0.9940000000
8.5165461004,16.0000000000,0,0.9030000000
8.5165461004,31.0000000000,0,0.8370000000
8.5165461004,46.0000000000,0,0.7820000000
3.9609172028,1.0000000000,0,0.9930000000
3.9609172028,16.0000000000,0,0.8940000000
3.9609172028,31.0000000000,0,0.8180000000
3.9609172028,46.0000000000,0,0.7500000000
8.5165461004,1.0000000000,0,0.9940000000
8.5165461004,16.0000000000,0,0.9030000000
8.5165461004,31.0000000000,0,0.8370000000
8.5165461004,46.0000000000,0,0.7820000000
4.7947911834,1.0000000000,0,0.9930000000
4.7947911834,16.0000000000,0,0.8970000000
4.7947911834,31.0000000000,0,0.8240000000
4.7947911834,46.0000000000,0,0.7600000000
1.7329723956,1.0000000000,0,0.9900000000
1.7329723956,16.0000000000,0,0.8760000000
1.7329723956,31.0000000000,0,0.7860000000
1.7329723956,46.0000000000,0,0.7080000000
4.7947911834,1.0000000000,0,0.9930000000
4.7947911834,16.0000000000,0,0.8970000000
4.7947911834,31.0000000000,0,0.8240000000
4.7947911834,46.0000000000,0,0.7600000000
1.7329723956,1.0000000000,0,0.9900000000
1.7329723956,16.0000000000,0,0.8760000000
1.7329723956,31.0000000000,0,0.7860000000
1.7329723956,46.0000000000,0,0.7080000000
7.1038190266,1.0000000000,0,0.9940000000
7.1038190266,16.0000000000,0,0.9010000000
7.1038190266,31.0000000000,0,0.8330000000
7.1038190266,46.0000000000,0,0.7760000000
9.8958206382,1.0000000000,0,0.9940000000
9.8958206382,16.0000000000,0,0.9040000000
9.8958206382,31.0000000000,0,0.8390000000
9.8958206382,46.0000000000,0,0.7860000000
7.1038190266,1.0000000000,0,0.9940000000
7.1038190266,16.0000000000,0,0.9010000000
7.1038190266,31.0000000000,0,0.8330000000
7.1038190266,46.0000000000,0,0.7760000000
9.8958206382,1.0000000000,0,0.9940000000
9.8958206382,16.0000000000,0,0.9040000000
9.8958206382,31.0000000000,0,0.8390000000
9.8958206382,46.0000000000,0,0.7860000000
9.7702779509,1.0000000000,0,0.9940000000
9.7702779509,16.0000000000,0,0.9040000000
9.7702779509,31.0000000000,0,0.8390000000
9.7702779509,46.0000000000,0,0.7850000000
4.9373045508,1.0000000000,0,0.9930000000
4.9373045508,16.0000000000,0,0.8970000000
4.9373045508,31.0000000000,0,0.8250000000
4.9373045508,46.0000000000,0,0.7610000000
9.7702779509,1.0000000000,0,0.9940000000
9.7702779509,16.0000000000,0,0.9040000000
9.7702779509,31.0000000000,0,0.8390000000
9.7702779509,46.0000000000,0,0.7850000000
4.9373045508,1.0000000000,0,0.9930000000
4.9373045508,16.0000000000,0,0.8970000000
4.9373045508,31.0000000000,0,0.8250000000
4.9373045508,46.0000000000,0,0.7610000000
3.2183130197,1.0000000000,0,0.9920000000
3.2183130197,16.0000000000,0,0.8900000000
3.2183130197,31.0000000000,0,0.8100000000
3.2183130197,46.0000000000,0,0.7390000000
5.7173445681,1.0000000000,0,0.9930000000
5.7173445681,16.0000000000,0,0.8990000000
5.7173445681,31.0000000000,0,0.8280000000
5.7173445681,46.0000000000,0,0.7680000000
3.2183130197,1.0000000000,0,0.9920000000
3.2183130197,16.0000000000,0,0.8900000000
3.2183130197,31.0000000000,0,0.8100000000
3.2183130197,46.0000000000,0,0.7390000000
5.7173445681,1.0000000000,0,0.9930000000
5.7173445681,16.0000000000,0,0.8990000000
5.7173445681,31.0000000000,0,0.8280000000
5.7173445681,46.0000000000,0,0.7680000000
