Rainfall (mm),VFS Length (m),Error,Total Runoff from Source (mm depth over Source Area),Total Runoff from Source (m3),Total Runoff out from Filter (mm depth over Source+Filter),Total Runoff out from Filter (m3),Total Infiltration in Filter,Mass Sediment Input to Filter,Concentration Sediment in Runoff from source Area,Mass Sediment Output from Filter,Concentration Sediment in Runoff exiting the Filter,Sediment Delivery Ratio,Runoff Delivery Ratio
20.0000000000,1.0000000000,0,2.2080000000,11.0390000000,2.0640000000,10.3270000000,0.8050000000,153.0870000000,13.8680000000,82.4060000000,7.9800000000,0.5380000000,0.9360000000
20.0000000000,16.0000000000,0,2.2080000000,11.0400000000,0.3020000000,1.5280000000,10.7950000000,153.0980000000,13.8680000000,0.3270000000,0.2140000000,0.0020000000,0.1380000000
20.0000000000,31.0000000000,0,2.2030000000,11.0140000000,0.0450000000,0.2300000000,13.2690000000,152.6810000000,13.8630000000,0.0230000000,0.1020000000,0.0000000000,0.0210000000
20.0000000000,46.0000000000,0,2.2060000000,11.0290000000,0.0120000000,0.0600000000,14.6570000000,153.0790000000,13.8790000000,0.0040000000,0.0630000000,0.0000000000,0.0050000000
50.0000000000,1.0000000000,0,19.7230000000,98.6150000000,19.6570000000,98.3610000000,1.0470000000,2921.1170000000,29.6210000000,2789.3880000000,28.3590000000,0.9550000000,0.9970000000
50.0000000000,16.0000000000,0,19.7270000000,98.6360000000,17.2500000000,87.3180000000,15.8390000000,2920.8460000000,29.6120000000,1744.0920000000,19.9740000000,0.5970000000,0.8850000000
50.0000000000,31.0000000000,0,19.8310000000,99.1570000000,15.0360000000,76.9830000000,29.7230000000,2935.3690000000,29.6030000000,1153.0540000000,14.9780000000,0.3930000000,0.7760000000
50.0000000000,46.0000000000,0,19.9770000000,99.8870000000,13.0000000000,67.3120000000,42.7070000000,2955.6430000000,29.5900000000,785.5880000000,11.6710000000,0.2660000000,0.6740000000
80.0000000000,1.0000000000,0,43.6960000000,218.4820000000,43.7260000000,218.7980000000,1.2020000000,7264.3360000000,33.2490000000,7122.9060000000,32.5550000000,0.9810000000,1.0010000000
80.0000000000,16.0000000000,0,43.6800000000,218.4000000000,40.9060000000,207.0610000000,18.4770000000,7262.3160000000,33.2520000000,5772.1720000000,27.8770000000,0.7950000000,0.9480000000
80.0000000000,31.0000000000,0,43.6990000000,218.4970000000,38.2990000000,196.0900000000,34.8520000000,7262.5940000000,33.2390000000,4812.6620000000,24.5430000000,0.6630000000,0.8970000000
80.0000000000,46.0000000000,0,43.7170000000,218.5830000000,35.8170000000,185.4610000000,50.3720000000,7265.8260000000,33.2410000000,4042.4980000000,21.7970000000,0.5560000000,0.8480000000
110.0000000000,1.0000000000,0,69.8870000000,349.4350000000,69.9700000000,350.1230000000,1.2920000000,12281.5120000000,35.1470000000,12141.5610000000,34.6780000000,0.9890000000,1.0020000000
110.0000000000,16.0000000000,0,69.7920000000,348.9600000000,66.7760000000,338.0160000000,19.9130000000,12278.8760000000,35.1870000000,10614.3300000000,31.4020000000,0.8640000000,0.9690000000
110.0000000000,31.0000000000,0,69.8480000000,349.2400000000,63.9950000000,327.6510000000,37.6310000000,12272.5500000000,35.1410000000,9472.8840000000,28.9120000000,0.7720000000,0.9380000000
110.0000000000,46.0000000000,0,69.8560000000,349.2790000000,61.1750000000,316.7660000000,54.9260000000,12289.0050000000,35.1840000000,8520.1510000000,26.8970000000,0.6930000000,0.9070000000
140.0000000000,1.0000000000,0,99.5870000000,497.9330000000,98.7310000000,494.0350000000,1.3500000000,18175.5690000000,36.5020000000,18040.1990000000,36.5160000000,0.9930000000,0.9920000000
140.0000000000,16.0000000000,0,99.2530000000,496.2670000000,95.5190000000,483.5120000000,20.8070000000,18093.9660000000,36.4600000000,16307.3020000000,33.7270000000,0.9010000000,0.9740000000
140.0000000000,31.0000000000,0,98.8680000000,494.3400000000,92.4050000000,473.1090000000,39.7940000000,18023.5510000000,36.4600000000,14981.4060000000,31.6660000000,0.8310000000,0.9570000000
140.0000000000,46.0000000000,0,98.6800000000,493.4000000000,89.5390000000,463.6360000000,58.3060000000,18003.0970000000,36.4880000000,13865.0800000000,29.9050000000,0.7700000000,0.9400000000
170.0000000000,1.0000000000,0,126.4740000000,632.3700000000,126.5180000000,633.0780000000,1.4080000000,23671.8560000000,37.4340000000,23541.9360000000,37.1860000000,0.9950000000,1.0010000000
170.0000000000,16.0000000000,0,126.3830000000,631.9160000000,123.0480000000,622.8570000000,21.7230000000,23649.4980000000,37.4250000000,21770.4410000000,34.9530000000,0.9210000000,0.9860000000
170.0000000000,31.0000000000,0,126.4300000000,632.1480000000,119.9320000000,614.0490000000,41.1170000000,23664.9520000000,37.4360000000,20440.3870000000,33.2880000000,0.8640000000,0.9710000000
170.0000000000,46.0000000000,0,126.1130000000,630.5660000000,116.9220000000,605.4230000000,60.2310000000,23595.9970000000,37.4200000000,19190.9610000000,31.6980000000,0.8130000000,0.9600000000
200.0000000000,1.0000000000,0,157.8690000000,789.3450000000,156.6080000000,783.6440000000,1.4310000000,30123.3450000000,38.1620000000,29998.5050000000,38.2810000000,0.9960000000,0.9930000000
200.0000000000,16.0000000000,0,157.5160000000,787.5820000000,153.1530000000,775.2500000000,22.3390000000,30053.7080000000,38.1590000000,28101.4360000000,36.2480000000,0.9350000000,0.9840000000
200.0000000000,31.0000000000,0,157.6330000000,788.1630000000,149.7730000000,766.8350000000,42.3190000000,30080.9980000000,38.1660000000,26706.2760000000,34.8270000000,0.8880000000,0.9730000000
200.0000000000,46.0000000000,0,157.8190000000,789.0960000000,146.7770000000,760.0140000000,62.0970000000,30083.3770000000,38.1240000000,25449.2290000000,33.4850000000,0.8460000000,0.9630000000
